recall_of_C,mean_relative_error_of_A,invocation_truly,mean_relative_error_of_A_with_C,iteration,accuracy_of_C,invocation_of_C
0.827040576531,0.329085080858,0.425533333333,0.0594205396013,0,0.865933333333,0.4124
0.826226401341,0.365540166509,0.4573,0.07215226492,1,0.852033333333,0.446333333333
0.891129891343,0.382405505538,0.469366666667,0.0633577393259,2,0.877233333333,0.489933333333
0.934238791491,0.394374229823,0.481033333333,0.0622364064912,3,0.896833333333,0.520933333333
0.947360861759,0.41301229317,0.464166666667,0.050413151488,4,0.923633333333,0.491666666667
0.959318548979,0.422881665692,0.453933333333,0.0446476197961,5,0.944233333333,0.472766666667
0.964814814815,0.427404299109,0.45,0.0453149727672,6,0.946966666667,0.471366666667
0.967560777359,0.426494812619,0.4511,0.045390564295,7,0.946833333333,0.475
