recall_of_C,mean_relative_error_of_A,invocation_truly,mean_relative_error_of_A_with_C,iteration,accuracy_of_C,invocation_of_C
1.0,0.251039976014,0.544666666667,0.0356774454493,0,1.0,0.544666666667
0.993073920161,0.272051604293,0.5294,0.0337366590121,1,0.982633333333,0.539433333333
0.982953822669,0.28014429885,0.524066666667,0.0300416074344,2,0.9857,0.5205
0.986487351905,0.289286588114,0.5205,0.029471058281,3,0.988733333333,0.5177
0.962814824073,0.293527554713,0.533366666667,0.0289185967231,4,0.9753,0.5184
0.965857312278,0.294487764094,0.534033333333,0.0292055893924,5,0.975766666667,0.5218
0.956718266254,0.295561979599,0.538333333333,0.0288778464145,6,0.9707,0.521033333333
0.970116799205,0.294979531577,0.536533333333,0.0283747612936,7,0.981733333333,0.522733333333
