recall_of_C,mean_relative_error_of_A,invocation_truly,mean_relative_error_of_A_with_C,iteration,accuracy_of_C,invocation_of_C
1.0,0.16757457144,0.7419,0.0242693190271,0,1.0,0.7419
0.997482030857,0.177510527798,0.7281,0.022952153506,1,0.993233333333,0.7312
0.998808378019,0.185704738663,0.7273,0.0199334865268,2,0.9973,0.728266666667
1.0,0.184537166207,0.723766666667,0.0174047675015,3,0.9948,0.728966666667
0.989193149556,0.182446717391,0.727933333333,0.0159862697024,4,0.9883,0.7239
0.987077035481,0.179716106471,0.729966666667,0.0154860353426,5,0.986666666667,0.724433333333
0.991852055296,0.181852432862,0.7282,0.0155707587003,6,0.991333333333,0.725
0.988366303019,0.179010779001,0.736366666667,0.0166706047119,7,0.988433333333,0.7308
