recall_of_C,mean_relative_error_of_A,invocation_truly,mean_relative_error_of_A_with_C,iteration,accuracy_of_C,invocation_of_C
1.0,0.186109878782,0.703766666667,0.0274042068353,0,1.0,0.703766666667
0.983122362869,0.185689094513,0.7031,0.0208428088772,1,0.986033333333,0.693333333333
0.998569521266,0.188794380245,0.699066666667,0.021666234186,2,0.9978,0.699266666667
0.992806091465,0.188477969882,0.713566666667,0.0194424760824,3,0.991333333333,0.711966666667
0.987023743788,0.188637819005,0.7244,0.0176818249341,4,0.987066666667,0.718533333333
0.998476805908,0.184122473675,0.722166666667,0.0150740076918,5,0.995466666667,0.7245
0.99433910162,0.183683220238,0.724266666667,0.0154748716541,6,0.9919,0.724166666667
0.99068578212,0.182213300057,0.730066666667,0.0140456428763,7,0.9892,0.727266666667
