recall_of_C,mean_relative_error_of_A,invocation_truly,mean_relative_error_of_A_with_C,iteration,accuracy_of_C,invocation_of_C
0.561369086549,0.281096848151,0.4587,0.128239409205,0,0.6698,0.3865
0.712329969285,0.354099561796,0.379833333333,0.105383656973,1,0.805433333333,0.355866666667
0.675708502024,0.345876633689,0.411666666667,0.129434034325,2,0.773,0.371666666667
0.727602191319,0.385533539024,0.3955,0.113584654977,3,0.812366666667,0.367666666667
0.737958272517,0.409689547383,0.388233333333,0.111652350187,4,0.821533333333,0.363233333333
0.747514204545,0.444141466386,0.375466666667,0.113993144662,5,0.830666666667,0.3552
0.732182186591,0.438217399646,0.378366666667,0.112350179978,6,0.821033333333,0.354666666667
0.73101210314,0.426630684791,0.380066666667,0.109766363532,7,0.820766666667,0.354833333333
