recall_of_C,mean_relative_error_of_A,invocation_truly,mean_relative_error_of_A_with_C,iteration,accuracy_of_C,invocation_of_C
0.0770769435925,0.427119524252,0.249966666667,0.182487652219,0,0.727233333333,0.0613333333333
0.43192417632,0.439753217566,0.221566666667,0.170016845419,1,0.8232,0.146633333333
0.370645738675,0.420490364706,0.2421,0.118794540666,2,0.808833333333,0.128533333333
0.485410719949,0.429716661998,0.2102,0.127943463795,3,0.8514,0.142466666667
0.518872431916,0.435062836443,0.2093,0.12465393546,4,0.863566666667,0.144333333333
0.607613469985,0.508217286616,0.2049,0.126154158577,5,0.882866666667,0.161233333333
0.70395413788,0.516911707073,0.226766666667,0.10371818466,6,0.8957,0.1968
0.724016358765,0.515315411388,0.236366666667,0.12310830312,7,0.8942,0.2117
