recall_of_C,mean_relative_error_of_A,invocation_truly,mean_relative_error_of_A_with_C,iteration,accuracy_of_C,invocation_of_C
0.486559543475,0.299162789189,0.443933333333,0.12448708202,0,0.653533333333,0.334533333333
0.637515743073,0.359913616865,0.423466666667,0.15349259718,1,0.721233333333,0.395233333333
0.664334051061,0.365477727718,0.433466666667,0.167009285584,2,0.725633333333,0.416833333333
0.633283470456,0.370394905235,0.445666666667,0.152228104337,3,0.719266666667,0.399533333333
0.642917923726,0.380004293531,0.4309,0.155594247501,4,0.735466666667,0.3877
0.642102755499,0.390174763204,0.419766666667,0.150644911018,5,0.742066666667,0.377233333333
0.653137708317,0.389952481854,0.418033333333,0.153329346433,6,0.7482,0.379833333333
0.619895376308,0.405460748984,0.395066666667,0.156909816644,7,0.7358,0.358933333333
