recall_of_C,mean_relative_error_of_A,invocation_truly,mean_relative_error_of_A_with_C,iteration,accuracy_of_C,invocation_of_C
0.661305207647,0.422108185333,0.252833333333,0.188466139552,0,0.712433333333,0.369133333333
0.841167120799,0.430751405063,0.2936,0.174294315107,1,0.754566666667,0.445766666667
0.797867564534,0.437865310174,0.297,0.171924862635,2,0.747933333333,0.429
0.824493619014,0.442233643046,0.2847,0.176677513378,3,0.7568,0.427966666667
0.844722018124,0.450754171785,0.2722,0.17785518742,4,0.7602,0.427466666667
0.862064707335,0.457354082246,0.269933333333,0.179620094141,5,0.765833333333,0.429633333333
0.874374438599,0.46485645521,0.259766666667,0.187833722427,6,0.761,0.4335
0.81821556738,0.46101014346,0.269366666667,0.186656938887,7,0.742933333333,0.4285
