recall_of_C,mean_relative_error_of_A,invocation_truly,mean_relative_error_of_A_with_C,iteration,accuracy_of_C,invocation_of_C
0.0606918626123,0.376965846877,0.270766666667,0.176535623646,0,0.717333333333,0.0447666666667
0.0,0.443184011404,0.2346,0.268833528765,1,0.759666666667,0.00573333333333
