recall_of_C,mean_relative_error_of_A,invocation_truly,mean_relative_error_of_A_with_C,iteration,accuracy_of_C,invocation_of_C
0.99109120441,0.204391518306,0.677233333333,0.031974443245,0,0.993033333333,0.672133333333
0.96346338748,0.213070713158,0.6587,0.0288048925485,1,0.961633333333,0.648933333333
0.985463786531,0.229629532753,0.655833333333,0.0274827238882,2,0.9768,0.659966666667
0.98052515287,0.243617933431,0.6487,0.0239877136704,3,0.978733333333,0.6447
0.986336242727,0.25424685255,0.6416,0.0244728916763,4,0.981333333333,0.642733333333
0.982572658201,0.266123523153,0.627366666667,0.0255462776685,5,0.969766666667,0.635733333333
0.973067851462,0.280415643729,0.6077,0.0310118272568,6,0.959933333333,0.615033333333
0.972444589664,0.281185009011,0.6121,0.0269122273885,7,0.9606,0.617766666667
