recall_of_C,mean_relative_error_of_A,invocation_truly,mean_relative_error_of_A_with_C,iteration,accuracy_of_C,invocation_of_C
0.964606146238,0.286359171301,0.471833333333,0.0454008162893,0,0.9715,0.466933333333
0.976118137497,0.315066018668,0.471766666667,0.0436650851611,1,0.977733333333,0.4715
0.977708091894,0.336464740365,0.488966666667,0.037270043289,2,0.9776,0.489566666667
0.970902295782,0.34752766689,0.499466666667,0.0351227957302,3,0.971033333333,0.499366666667
0.970160164817,0.358180051174,0.501566666667,0.0333396488685,4,0.973233333333,0.4984
0.967446524064,0.365433529821,0.498666666667,0.0335719900209,5,0.968133333333,0.498066666667
0.974435989854,0.363004446155,0.4994,0.0371288324659,6,0.977433333333,0.496433333333
0.986444073456,0.364077729468,0.499166666667,0.0298032940281,7,0.987133333333,0.4985
