recall_of_C,mean_relative_error_of_A,invocation_truly,mean_relative_error_of_A_with_C,iteration,accuracy_of_C,invocation_of_C
0.460899131092,0.383041897692,0.2647,0.0620371274195,0,0.837133333333,0.142166666667
0.64370153807,0.567112269275,0.262233333333,0.0593466324303,1,0.867233333333,0.208133333333
0.751498765722,0.587495969139,0.283566666667,0.0919870437156,2,0.8839,0.258733333333
0.803280609256,0.582893777675,0.2845,0.0807469782742,3,0.8997,0.272866666667
0.831736872475,0.581536120255,0.288833333333,0.0836694916005,4,0.911333333333,0.2803
0.793490850127,0.582492737301,0.2878,0.0573931278862,5,0.914566666667,0.254366666667
0.849402578966,0.583390276501,0.281766666667,0.0827608112367,6,0.918666666667,0.278233333333
0.854341405789,0.579387541926,0.282166666667,0.0790895334091,7,0.921766666667,0.2782
