recall_of_C,mean_relative_error_of_A,invocation_truly,mean_relative_error_of_A_with_C,iteration,accuracy_of_C,invocation_of_C
0.76404494382,0.332450768179,0.323366666667,0.056441094404,0,0.873466666667,0.2973
0.783353849067,0.33939134046,0.352033333333,0.0527623919508,1,0.884966666667,0.314533333333
0.801275626424,0.361797342282,0.365833333333,0.0578261500711,2,0.8854,0.335033333333
0.813176470588,0.377717661286,0.354166666667,0.0509589097439,3,0.8879,0.333933333333
0.828299190091,0.408809234416,0.349833333333,0.044556726024,4,0.914566666667,0.315133333333
0.855298709096,0.434790196776,0.3331,0.0521136885718,5,0.924566666667,0.312133333333
0.835017807296,0.432712544513,0.3463,0.0443170653493,6,0.917033333333,0.315
0.845290619605,0.428005815016,0.347533333333,0.0445621638431,7,0.918933333333,0.321066666667
