recall_of_C,mean_relative_error_of_A,invocation_truly,mean_relative_error_of_A_with_C,iteration,accuracy_of_C,invocation_of_C
1.0,0.249387159514,0.625,0.0344195849968,0,1.0,0.625
0.987186275548,0.264980146227,0.629533333333,0.029393246428,1,0.982833333333,0.630566666667
0.983063328424,0.277455178168,0.588466666667,0.0255058006914,2,0.9729,0.595633333333
0.982533521524,0.294430101271,0.5668,0.0234603905162,3,0.974033333333,0.572966666667
0.99643878802,0.308721127334,0.570966666667,0.027887952803,4,0.982033333333,0.584866666667
0.994463869464,0.311355165938,0.572,0.0224737768857,5,0.983633333333,0.582033333333
0.994439241395,0.314660262341,0.569466666667,0.0221645742188,6,0.981033333333,0.5821
0.994282346006,0.319748979437,0.5655,0.0230709552116,7,0.9791,0.579933333333
