recall_of_C,mean_relative_error_of_A,invocation_truly,mean_relative_error_of_A_with_C,iteration,accuracy_of_C,invocation_of_C
0.602240091901,0.287524549864,0.464266666667,0.146741556057,0,0.6576,0.437333333333
0.654168794223,0.313902272938,0.456966666667,0.139362364678,1,0.723333333333,0.417566666667
0.675440458501,0.331443041477,0.4711,0.147926273895,2,0.72,0.4453
0.711102331094,0.354472140846,0.421833333333,0.135466277352,3,0.771566666667,0.406533333333
0.706473214286,0.368507849573,0.418133333333,0.13732639489,4,0.770833333333,0.401833333333
0.712975303802,0.361644866272,0.425166666667,0.143260579712,5,0.769066666667,0.412033333333
0.639780666844,0.386214294383,0.3769,0.138724042606,6,0.764666666667,0.3407
0.670826958692,0.363325914244,0.413966666667,0.140949719457,7,0.7585,0.382933333333
