recall_of_C,mean_relative_error_of_A,invocation_truly,mean_relative_error_of_A_with_C,iteration,accuracy_of_C,invocation_of_C
0.840716692693,0.344962157408,0.405566666667,0.0732963033529,0,0.8424,0.433966666667
0.75154835636,0.38556689807,0.4198,0.0648700414098,1,0.830366666667,0.380833333333
0.772564438619,0.429975182354,0.3815,0.049282525987,2,0.877133333333,0.330833333333
0.841196013289,0.431817351236,0.351166666667,0.0506276944748,3,0.903633333333,0.336
0.835062240664,0.429538060141,0.353466666667,0.0470252762914,4,0.906933333333,0.329933333333
0.834706917307,0.415244848456,0.359966666667,0.0531677102584,5,0.893066666667,0.3479
0.818941242726,0.41780518111,0.355133333333,0.0520970153057,6,0.8892,0.337333333333
0.849581395349,0.414093020383,0.358333333333,0.0570530305707,7,0.8954,0.355133333333
