recall_of_C,mean_relative_error_of_A,invocation_truly,mean_relative_error_of_A_with_C,iteration,accuracy_of_C,invocation_of_C
0.9587113127,0.261769529233,0.499733333333,0.0593951371344,0,0.9118,0.546666666667
0.945348603576,0.279967111781,0.4977,0.0699920728977,1,0.882866666667,0.560433333333
0.952694448215,0.302217620935,0.491133333333,0.0470255949556,2,0.930333333333,0.514333333333
0.954507857734,0.320297675907,0.4836,0.0462568624008,3,0.938966666667,0.500633333333
0.946355644771,0.340863225466,0.481566666667,0.0490622879534,4,0.9329,0.497
0.957110449454,0.353880465962,0.4702,0.0387446202974,5,0.947333333333,0.482533333333
0.971086880056,0.360705681155,0.473833333333,0.0394549413075,6,0.952066666667,0.494366666667
0.968141346689,0.367182699224,0.4792,0.0354677240273,7,0.956133333333,0.492533333333
