recall_of_C,mean_relative_error_of_A,invocation_truly,mean_relative_error_of_A_with_C,iteration,accuracy_of_C,invocation_of_C
0.885843431429,0.182141967034,0.6932,0.121667676491,0,0.7311,0.803833333333
0.848641073127,0.199688278509,0.665966666667,0.117614749879,1,0.727833333333,0.736533333333
0.857298636927,0.211268808212,0.6725,0.12001578342,2,0.740066666667,0.7405
0.850367906461,0.221400430802,0.6614,0.109234118383,3,0.762466666667,0.701
0.862459303782,0.234084167577,0.6655,0.127253577278,4,0.756633333333,0.7258
0.867138243887,0.247442032319,0.6503,0.113477241549,5,0.7856,0.6919
0.866018815259,0.250452762667,0.644866666667,0.112050890058,6,0.7906,0.681466666667
0.860404268418,0.250351626716,0.649733333333,0.112121739996,7,0.786,0.682333333333
