recall_of_C,mean_relative_error_of_A,invocation_truly,mean_relative_error_of_A_with_C,iteration,accuracy_of_C,invocation_of_C
0.955026215874,0.175598864657,0.737466666667,0.034969210939,0,0.9269,0.744233333333
0.959635476596,0.181127613329,0.724233333333,0.0352015249719,1,0.924933333333,0.740833333333
0.960867537313,0.189653366686,0.714666666667,0.0334719581932,2,0.9324,0.726333333333
0.970344957233,0.193087461713,0.709266666667,0.0324992969817,3,0.940666666667,0.726533333333
0.96581236774,0.193089697446,0.708833333333,0.0310281716068,4,0.9419,0.718466666667
0.969321618897,0.193393271423,0.6943,0.0292606687892,5,0.945033333333,0.706666666667
0.960795590702,0.193932692533,0.6955,0.0307815116422,6,0.939266666667,0.7017
