recall_of_C,mean_relative_error_of_A,invocation_truly,mean_relative_error_of_A_with_C,iteration,accuracy_of_C,invocation_of_C
0.906178220154,0.247532901449,0.565966666667,0.0500096045851,0,0.888233333333,0.571533333333
0.909703667719,0.27569448318,0.548933333333,0.0569300126105,1,0.890666666667,0.559133333333
0.917024855167,0.288241883701,0.5351,0.0461039441481,2,0.9136,0.5327
0.932583563709,0.298887324422,0.530533333333,0.0481168640931,3,0.9135,0.5455
0.907829950763,0.303791005303,0.555133333333,0.0505872728003,4,0.894866666667,0.557933333333
0.912245879947,0.308165551395,0.5542,0.0496570337642,5,0.896666666667,0.560266666667
0.929081814934,0.307052362117,0.5598,0.0431652723572,6,0.906366666667,0.574033333333
0.941003815674,0.306052696595,0.567833333333,0.0410415977128,7,0.920433333333,0.5804
