recall_of_C,mean_relative_error_of_A,invocation_truly,mean_relative_error_of_A_with_C,iteration,accuracy_of_C,invocation_of_C
0.940028445006,0.330297128931,0.421866666667,0.0474665922923,0,0.966766666667,0.4045
0.911559993948,0.346989021394,0.4406,0.0329288191194,1,0.9537,0.408966666667
0.929953064998,0.356724557916,0.468733333333,0.0341384517224,2,0.958366666667,0.4447
0.939227715626,0.36322575071,0.461833333333,0.0325315754516,3,0.964633333333,0.441066666667
0.931992337165,0.367522340023,0.4524,0.0313414100031,4,0.9654,0.425466666667
0.937209130531,0.368989703279,0.451233333333,0.0329465586991,5,0.963066666667,0.4315
0.932716506292,0.372314111096,0.450333333333,0.0302285599751,6,0.962333333333,0.4274
0.900954308849,0.377246791125,0.461066666667,0.0311759428673,7,0.9481,0.421633333333
