recall_of_C,mean_relative_error_of_A,invocation_truly,mean_relative_error_of_A_with_C,iteration,accuracy_of_C,invocation_of_C
0.831613049047,0.290820110804,0.442433333333,0.0675129202678,0,0.828066666667,0.465366666667
0.876797917345,0.339790920133,0.512166666667,0.0661733152654,1,0.856066666667,0.5299
0.89737832662,0.359460045894,0.504766666667,0.0670086356042,2,0.859066666667,0.5421
0.905635903755,0.370129789484,0.513966666667,0.0671928970789,3,0.865666666667,0.5513
0.909554730983,0.374770458033,0.503066666667,0.0658629999009,4,0.868933333333,0.543133333333
0.893661879035,0.38555388616,0.505933333333,0.0667686568051,5,0.8754,0.522933333333
0.915007349993,0.389898930194,0.498866666667,0.0634380191633,6,0.8858,0.528266666667
0.929618372172,0.395823910924,0.4935,0.0646437064854,7,0.893666666667,0.530366666667
