recall_of_C,mean_relative_error_of_A,eb_now,iteration,mean_relative_error_overall,invocation_truly,mean_relative_error_of_A_with_C,accuracy_of_C,invocation_of_C
0.998655130676,0.147501831382,0.1,0,0.0204794362,0.743566666667,0.027579256004,0.999,0.742566666667
0.990562646054,0.170241016143,0.1,1,0.0217209455956,0.741733333333,0.0293354507661,0.9873,0.740433333333
0.980474003989,0.177692144815,0.1,2,0.0211419610531,0.7187,0.0291747392637,0.965966666667,0.724666666667
0.975802655117,0.198321362928,0.1,3,0.0233331729081,0.708066666667,0.0329595624467,0.965866666667,0.707933333333
